{
  "model_comparison": {
    "random_forest": {
      "accuracy": 0.9945205479452055,
      "f1_weighted": 0.9950607972910575,
      "precision_weighted": 0.9963470319634704,
      "recall_weighted": 0.9945205479452055
    },
    "gradient_boosting": {
      "accuracy": 0.9972602739726028,
      "f1_weighted": 0.9974105597076258,
      "precision_weighted": 0.9978082191780822,
      "recall_weighted": 0.9972602739726028
    },
    "logistic_regression": {
      "accuracy": 0.9945205479452055,
      "f1_weighted": 0.9950607972910575,
      "precision_weighted": 0.9963470319634704,
      "recall_weighted": 0.9945205479452055
    }
  },
  "best_model": "gradient_boosting",
  "best_metrics": {
    "accuracy": 0.9972602739726028,
    "f1_weighted": 0.9974105597076258,
    "confusion_matrix": [
      [
        1,
        0,
        0,
        0
      ],
      [
        0,
        3,
        0,
        0
      ],
      [
        0,
        0,
        356,
        1
      ],
      [
        0,
        0,
        0,
        4
      ]
    ]
  },
  "cross_validation": {
    "folds": 5,
    "accuracy_mean": 0.9967123287671233,
    "accuracy_std": 0.0020502232256295484,
    "f1_mean": 0.996778914513612,
    "f1_std": 0.002069575129743023
  },
  "per_class_metrics": {
    "critical": {
      "precision": 1.0,
      "recall": 1.0,
      "f1": 1.0,
      "support": 1
    },
    "degraded": {
      "precision": 1.0,
      "recall": 1.0,
      "f1": 1.0,
      "support": 3
    },
    "risk": {
      "precision": 0.8,
      "recall": 1.0,
      "f1": 0.8888888888888888,
      "support": 4
    },
    "healthy": {
      "precision": 1.0,
      "recall": 0.9971988795518207,
      "f1": 0.9985974754558204,
      "support": 357
    }
  },
  "source_analysis": [
    {
      "source": "meta_capi",
      "count": "365",
      "accuracy": 1.0,
      "distribution": {
        "healthy": 355,
        "degraded": 5,
        "risk": 5
      }
    },
    {
      "source": "google_analytics",
      "count": "365",
      "accuracy": 1.0,
      "distribution": {
        "healthy": 358,
        "risk": 5,
        "critical": 2
      }
    },
    {
      "source": "segment",
      "count": "365",
      "accuracy": 1.0,
      "distribution": {
        "healthy": 357,
        "degraded": 5,
        "risk": 3
      }
    },
    {
      "source": "shopify",
      "count": "365",
      "accuracy": 1.0,
      "distribution": {
        "healthy": 357,
        "risk": 5,
        "critical": 2,
        "degraded": 1
      }
    },
    {
      "source": "stripe",
      "count": "365",
      "accuracy": 0.9972602739726028,
      "distribution": {
        "healthy": 356,
        "degraded": 6,
        "risk": 2,
        "critical": 1
      }
    }
  ],
  "feature_importance": [
    {
      "feature": "api_success_rate",
      "importance": 0.5892183549365969
    },
    {
      "feature": "data_freshness_min",
      "importance": 0.38218800676960396
    },
    {
      "feature": "emq_score",
      "importance": 0.028587158932044998
    },
    {
      "feature": "api_latency_ms",
      "importance": 2.5640003426331776e-06
    },
    {
      "feature": "event_loss_rate",
      "importance": 1.5229813248436053e-06
    },
    {
      "feature": "match_rate",
      "importance": 1.1814348655753892e-06
    },
    {
      "feature": "api_errors_count",
      "importance": 1.1504058591177702e-06
    },
    {
      "feature": "incident_severity",
      "importance": 6.053936161324838e-08
    },
    {
      "feature": "event_volume",
      "importance": 3.785789779963937e-16
    },
    {
      "feature": "source_meta_capi",
      "importance": 0.0
    },
    {
      "feature": "source_shopify",
      "importance": 0.0
    },
    {
      "feature": "source_segment",
      "importance": 0.0
    },
    {
      "feature": "day_of_week",
      "importance": 0.0
    },
    {
      "feature": "source_google_analytics",
      "importance": 0.0
    },
    {
      "feature": "has_incident",
      "importance": 0.0
    }
  ],
  "dataset_info": {
    "total_samples": 1825,
    "features": 13,
    "sources": [
      "meta_capi",
      "google_analytics",
      "segment",
      "shopify",
      "stripe"
    ],
    "class_distribution": {
      "healthy": 1783,
      "risk": 20,
      "degraded": 17,
      "critical": 5
    }
  },
  "generated_at": "2026-01-18T17:43:03.495997"
}
